TIC_ID,Teff,Tmag,r_est,Obs,a_RV,a_EA,a_EM,Per_RV,Per_EA,Per_EM,Elat,Glat,Gaia_ID,RA,Dec,asep_RV,asep_EA,asep_EM,Ttime,TWOMASS,HZ_flag,JWST_flag,Earth_flag,S1_flag,S2_flag,S3_flag,S4_flag,S5_flag,S6_flag,
325554331,3147,6.97,1.826553034,25.866,0.047,0.057,0.137,9.44,12.75,46.84,28.1315,14.0626,4472832130942575872,269.4521,4.6934,25.73,31.21,75.0,0.017,17574849+0441405,0,0,1,0,0,0,0,0,0,
359676790,3344,6.72,3.521400786,337.743,0.095,0.117,0.269,17.82,24.21,84.47,81.5719,24.2308,2154880616773521408,280.6945,59.6304,26.98,33.23,76.39,0.113,18424666+5937499,1,0,1,0,0,0,0,0,0,
392572237,3318,7.32,3.522474161,337.743,0.075,0.092,0.213,14.72,19.98,70.18,81.5686,24.2295,2154880616772528384,280.6954,59.6268,21.29,26.12,60.47,0.069,18424688+5937374,1,0,1,0,0,0,0,0,0,
440109718,3198,8.47,3.561056325,28.809,0.049,0.06,0.143,10.07,13.63,49.37,37.9283,-18.4439,385334196532776576,4.6078,44.0273,13.76,16.85,40.16,0.023,00182549+4401376,0,0,1,0,0,0,0,0,0,
3664898,2804,10.44,3.58013618,23.004,0.024,0.029,0.075,4.33,5.82,23.68,7.5518,32.4208,703790044252850688,127.4556,26.776,6.7,8.1,20.95,0.004,08294949+2646348,0,0,1,0,0,0,0,0,0,
79611981,2953,9.46,3.672776031,48.141,0.033,0.041,0.101,6.38,8.59,33.36,-60.7731,-52.9049,4848140361962951552,53.9988,-44.5126,8.99,11.16,27.5,0.01,03355969-4430453,0,0,1,0,0,1,1,0,0,
439403362,3056,9.07,3.712065756,24.813,0.039,0.048,0.115,7.81,10.54,39.71,-22.7422,-78.7597,2358524597030794112,18.1277,-16.999,10.51,12.93,30.98,0.013,01123052-1659570,0,0,1,1,1,0,0,0,0,
200385493,3672,7.12,3.933054102,62.883,0.099,0.122,0.266,20.89,28.7,92.82,-67.506,-36.0021,4810594479417465600,77.9191,-45.0184,25.17,31.02,67.63,0.1,05114046-4501051,0,0,1,0,0,0,1,0,0,
233193964,3413,6.85,4.549389409,311.958,0.12,0.147,0.334,23.59,32.11,110.17,87.1265,31.9641,1637645127018395776,264.1079,68.3391,26.38,32.31,73.42,0.216,17362594+6820220,1,1,1,0,0,0,0,0,0,
274127413,3139,9.67,4.660757441,52.326,0.034,0.041,0.098,6.73,9.1,33.49,63.106,8.5081,2079073928612821760,298.4798,44.4151,7.29,8.8,21.03,0.008,19535508+4424550,0,0,1,0,0,0,0,0,0,
252803606,2770,10.92,4.899850044,27.54,0.024,0.029,0.075,4.24,5.69,23.41,34.3244,63.0801,778947608243864320,166.3788,43.5217,4.9,5.92,15.31,0.004,11053133+4331170,0,0,1,0,0,0,0,0,0,
358615829,3308,8.32,5.255097413,53.379,0.072,0.089,0.205,14.22,19.3,67.95,63.5703,37.948,1129149723913123456,176.9224,78.6912,13.7,16.94,39.01,0.055,11474143+7841283,0,0,1,0,0,0,0,0,0,
43605290,3159,9.45,5.374838602,26.487,0.029,0.036,0.085,4.6,6.22,22.79,-29.5523,-27.471,3187115498866675456,75.4895,-6.9461,5.4,6.7,15.81,0.003,05015746-0656459,0,0,1,0,0,0,0,0,0,
471012347,3159,9.47,5.374838602,26.487,0.029,0.036,0.085,4.6,6.22,22.79,-29.5525,-27.4713,3187115498866675456,75.4893,-6.9463,5.4,6.7,15.81,0.003,05015746-0656459,0,0,1,1,1,1,0,1,1,
389356212,2871,10.55,6.470961245,23.436,0.036,0.044,0.111,6.69,8.99,35.79,12.0842,72.2722,3907283967108054528,184.7475,11.1261,5.56,6.8,17.15,0.012,12185939+1107338,0,0,1,0,0,0,0,0,0,
207492082,3499,8.02,6.472493927,94.5,0.093,0.114,0.256,18.79,25.65,86.23,73.2791,42.7853,1428427236986209024,246.3526,54.3041,14.37,17.61,39.55,0.094,16252459+5418148,0,0,1,0,0,0,0,0,0,
370955883,3193,9.66,6.501502552,69.417,0.054,0.065,0.155,10.76,14.55,52.8,-69.4958,-11.9697,5243594081269535872,145.6931,-68.885,8.31,10.0,23.84,0.024,09424635-6853060,0,0,1,0,0,0,0,0,0,
144370079,3054,10.02,6.672393405,26.892,0.042,0.051,0.124,8.25,11.13,41.93,-31.1379,24.4236,6153483658836320384,189.7046,-38.3816,6.29,7.64,18.58,0.017,12384914-3822527,0,0,1,0,0,0,0,0,0,
334415465,3049,10.25,6.872841272,23.301,0.039,0.048,0.116,7.75,10.45,39.46,-10.9414,21.855,3098328216938651264,122.9898,8.773,5.67,6.98,16.88,0.011,08115757+0846220,0,0,1,0,0,0,0,0,0,
407688400,3234,9.49,7.038231283,34.29,0.053,0.064,0.151,10.78,14.59,52.38,47.7039,-11.6115,1952802469918554368,326.5919,38.218,7.53,9.09,21.45,0.023,21462206+3813047,0,0,1,0,0,0,0,0,0,
219085795,3293,9.02,7.428176178,59.13,0.079,0.096,0.224,15.04,20.39,72.08,66.1175,36.2843,1355264565043431040,257.3814,43.6814,10.64,12.92,30.16,0.066,17093153+4340531,0,0,1,0,0,0,0,0,0,
92923185,2860,10.89,7.620331633,26.811,0.033,0.041,0.102,6.17,8.29,33.13,30.5467,4.1929,4286249341336984576,282.0731,7.6892,4.33,5.38,13.39,0.011,18481752+0741210,0,0,1,0,0,0,0,0,0,
406857100,3112,10.39,7.645191286,293.058,0.039,0.048,0.114,7.84,10.59,39.26,88.0663,27.9002,2257597439718033536,274.7385,66.1926,5.1,6.28,14.91,0.01,18185725+6611332,1,1,1,0,0,0,0,0,0,
233068870,3120,10.25,7.781126632,302.643,0.05,0.061,0.147,9.88,13.35,49.4,87.6894,29.5388,2161121135533953536,270.5693,64.2623,6.43,7.84,18.89,0.024,18021660+6415445,1,1,1,0,0,0,0,0,0,
162673762,3417,8.14,7.842899176,64.314,0.111,0.136,0.31,20.8,28.31,97.04,67.9947,44.0422,1411178510887026048,246.0389,48.3529,14.15,17.34,39.53,0.198,16240913+4821112,0,0,1,0,0,0,0,0,0,
123480394,3059,10.46,7.993210014,51.597,0.043,0.052,0.126,8.23,11.1,41.78,-62.7462,-9.9757,5535361753834861312,115.0492,-42.9612,5.38,6.51,15.76,0.017,07401183-4257406,0,0,1,0,0,0,0,0,1,
11893637,2946,10.42,8.036251354,31.266,0.046,0.056,0.139,8.54,11.49,44.71,42.4879,65.7206,786834302079285632,177.7405,48.3774,5.72,6.97,17.3,0.02,11505787+4822395,0,0,1,0,0,0,0,0,0,
467254810,3436,8.22,8.07862251,132.624,0.112,0.137,0.311,21.07,28.7,97.93,74.8893,15.0586,2246206567973292160,307.6335,65.4496,13.86,16.96,38.5,0.163,20303207+6526586,0,0,1,0,0,0,0,0,0,
393018418,2921,11.49,8.636607308,25.785,0.029,0.036,0.088,5.47,7.36,28.87,27.5303,48.5539,1165479168642900992,232.6264,9.4337,3.36,4.17,10.19,0.005,15303032+0926014,0,0,0,0,0,0,0,0,0,
160329609,3011,9.65,8.66336148,44.037,0.038,0.046,0.112,7.28,9.81,37.42,-57.9913,-23.9896,2886233695250041216,91.2173,-34.56,4.39,5.31,12.93,0.011,06045215-3433360,0,0,1,1,1,1,1,1,1,
142086813,3370,8.94,8.835910828,339.147,0.092,0.113,0.258,17.52,23.82,82.58,-80.5543,-27.3042,5260759175761502976,98.4449,-75.6249,10.41,12.79,29.2,0.101,06334690-7537301,1,0,1,0,0,0,0,0,0,
142086812,3412,8.16,8.837861444,339.147,0.123,0.151,0.343,22.67,30.85,105.89,-80.551,-27.3081,5260759175761501696,98.4302,-75.6299,13.92,17.09,38.81,0.217,06334337-7537482,1,0,1,1,1,1,1,1,1,
252933112,2907,10.51,9.114256729,26.568,0.045,0.055,0.137,8.21,11.04,43.47,29.8763,23.0859,981548637301374336,105.9822,52.7018,4.94,6.03,15.03,0.02,07035565+5242075,0,0,1,0,0,0,0,0,0,
362144730,2827,11.85,9.470383848,23.112,0.026,0.031,0.079,4.83,6.49,26.21,9.0538,3.2972,4147112604476417792,271.4361,-14.3785,2.75,3.27,8.34,0.005,18054470-1422425,0,0,0,0,0,0,0,0,0,
452465896,3108,10.11,9.509506989,80.838,0.057,0.07,0.167,10.86,14.67,54.46,-72.098,-19.5295,5203276810942065536,139.2722,-77.8232,5.99,7.36,17.56,0.034,09170532-7749233,0,0,1,0,0,0,0,0,0,
467119250,2972,11.26,9.531140492,25.515,0.035,0.043,0.106,6.81,9.17,35.41,26.4273,13.1213,970354749937140736,90.6216,49.8656,3.67,4.51,11.12,0.01,06022918+4951561,0,0,0,0,0,0,0,0,0,
340807280,2899,10.62,9.531247324,27.0,0.043,0.052,0.13,7.86,10.57,41.72,32.5617,-15.7386,1810616448010879488,310.1411,15.4997,4.51,5.46,13.64,0.019,20403364+1529572,0,0,1,0,0,0,0,0,0,
352617553,3058,10.82,9.583408511,78.975,0.044,0.054,0.13,8.6,11.59,43.65,71.7262,11.7035,2188318517720321664,306.522,58.5729,4.59,5.63,13.57,0.017,20260528+5834224,0,0,1,0,0,0,0,0,0,
268633473,2926,11.35,9.770274236,24.867,0.037,0.045,0.113,7.06,9.51,37.2,-23.0191,-80.4777,2358022227591374336,16.2237,-18.1248,3.79,4.61,11.57,0.011,01045368-1807292,0,0,0,1,1,0,0,0,0,
471016687,3002,11.27,9.770274236,24.867,0.039,0.048,0.117,7.62,10.27,39.28,-23.0191,-80.4774,2358022227591374336,16.2242,-18.1246,3.99,4.91,11.98,0.011,01045368-1807292,0,0,1,1,0,0,0,0,0,
52183206,3055,10.44,9.83613542,35.613,0.056,0.069,0.166,10.48,14.13,53.26,49.6836,-0.4744,522864272037653504,15.8326,62.3655,5.69,7.01,16.88,0.035,01031971+6221557,0,0,1,0,0,0,0,0,0,
274626553,3142,10.51,9.910502201,94.5,0.05,0.062,0.147,10.0,13.52,49.72,73.2747,37.4825,1412645602995521920,255.8495,51.4063,5.05,6.26,14.83,0.024,17032384+5124219,0,0,1,0,0,0,0,0,0,
317177580,2990,10.9,9.929312058,34.29,0.043,0.053,0.129,8.23,11.09,42.57,47.7309,13.1436,4535928365908541440,280.2909,24.7888,4.33,5.34,12.99,0.018,18410981+2447195,0,0,1,0,0,0,0,0,0,
17299996,2980,10.39,10.0524072,25.65,0.051,0.062,0.153,9.39,12.64,48.69,27.0181,60.8345,751975660302006784,160.4077,37.6109,5.07,6.17,15.22,0.028,10413809+3736397,0,0,1,0,0,0,0,0,0,
201878287,3051,11.07,10.06460418,60.318,0.041,0.05,0.121,8.07,10.88,41.05,-66.6083,-52.9559,4725889546721486976,39.1352,-59.4682,4.07,4.97,12.02,0.016,02363244-5928057,0,0,1,0,1,1,0,0,0,
419692115,3166,10.55,10.18282436,32.643,0.055,0.068,0.161,10.64,14.39,52.58,-45.021,7.7492,6073573215330461952,191.4689,-55.1139,5.4,6.68,15.81,0.031,12455254-5506502,0,0,1,0,0,0,0,0,0,
395665737,3146,10.56,10.25848741,29.349,0.054,0.067,0.158,10.67,14.43,53.0,39.7926,4.0341,4514347014274847744,287.4619,17.6684,5.26,6.53,15.4,0.026,19095098+1740074,0,0,1,0,0,0,0,0,0,
237314211,3388,10.51,10.38946551,34.344,0.058,0.071,0.162,12.35,16.8,58.01,-47.7909,-51.6753,6491249026683800832,344.1028,-60.0636,5.58,6.83,15.59,0.028,22562466-6003490,0,0,1,1,0,0,0,0,0,
287201692,3112,10.85,10.46141364,32.373,0.044,0.054,0.13,8.88,11.99,44.48,44.5445,35.9354,4566158991430299520,252.7414,22.4516,4.21,5.16,12.43,0.017,16505794+2227058,0,0,1,0,0,0,0,0,0,
362253884,3133,10.3,10.48279396,61.857,0.058,0.071,0.169,11.17,15.08,55.62,-67.1563,-8.0329,5249863805819472640,145.7067,-63.6322,5.53,6.77,16.12,0.034,09424960-6337560,0,0,1,0,0,0,0,0,0,
24923308,3063,11.24,10.57940584,23.787,0.039,0.048,0.115,7.71,10.4,39.1,-16.3821,-64.6531,2467732906559754496,27.7669,-6.118,3.69,4.54,10.87,0.011,01510405-0607047,0,0,1,0,0,0,0,0,0,
385368233,2946,10.72,10.61275217,31.239,0.047,0.058,0.143,8.73,11.75,45.71,42.4669,3.0457,4516795626642787456,290.4113,20.8676,4.43,5.47,13.47,0.02,19213867+2052028,0,0,1,0,0,0,0,0,0,
307210830,3469,9.39,10.61937732,207.387,0.092,0.113,0.255,18.26,24.9,84.32,-76.8138,-17.5929,5271055243163629056,124.5319,-68.313,8.66,10.64,24.01,0.094,08180763-6818468,1,0,1,0,1,0,0,1,1,
420130591,2983,11.82,10.62668077,340.956,0.035,0.042,0.104,6.65,8.96,34.47,78.8354,24.1963,2289304297045379456,291.0679,75.5533,3.29,3.95,9.79,0.01,19241634+7533121,1,0,0,0,0,0,0,0,0,
230073588,3484,8.35,10.76118266,339.957,0.135,0.167,0.375,25.45,34.72,117.16,79.9264,39.4588,1642642957122493824,244.1888,67.2562,12.55,15.52,34.85,0.273,16164537+6715224,1,0,1,0,0,0,0,0,0,
230073581,3880,6.96,10.76433131,339.957,0.236,0.293,0.623,51.24,70.99,219.91,79.9198,39.4701,1642641410934267008,244.1781,67.2388,21.92,27.22,57.88,1.1,16164280+6714196,0,0,1,0,0,0,0,0,0,
243800364,3071,11.18,10.80552157,24.165,0.044,0.054,0.129,8.46,11.41,42.8,18.4454,-17.8359,4223813264304668288,302.326,-1.2273,4.07,5.0,11.94,0.017,20091824-0113377,0,0,1,0,0,0,0,0,0,
289527642,3355,10.31,10.88335402,52.38,0.086,0.106,0.243,16.66,22.64,78.79,63.1212,20.1072,2110165780975185792,278.6527,40.124,7.9,9.74,22.33,0.083,18343664+4007266,0,0,1,0,0,0,0,0,0,
272232401,3400,8.92,10.88635861,215.946,0.109,0.134,0.306,20.41,27.77,95.6,-76.9527,-23.1224,5213167330349528064,117.3028,-76.7018,10.01,12.31,28.11,0.156,07491271-7642065,1,0,1,1,1,1,1,1,1,
219004642,3612,8.67,10.92817609,74.088,0.128,0.157,0.347,25.1,34.4,112.74,70.6585,47.4305,1669449084967071872,220.5899,66.0557,11.71,14.37,31.75,0.21,14422164+6603208,0,0,1,0,0,0,0,0,0,
390531051,2952,11.83,10.97285484,24.516,0.033,0.04,0.099,6.35,8.55,33.2,-20.8017,35.8272,3496355755520065408,189.9017,-26.9698,3.01,3.65,9.02,0.01,12393641-2658111,0,0,0,0,0,0,0,0,0,
220433364,3267,9.38,11.08718038,202.851,0.092,0.113,0.263,16.83,22.81,81.15,-76.7244,-38.552,4776266798684508928,73.3772,-55.8588,8.3,10.19,23.72,0.109,04533054-5551318,1,0,1,1,1,1,1,1,1,
220433363,3509,8.59,11.09229412,202.851,0.128,0.158,0.354,24.39,33.3,111.71,-76.7265,-38.5503,4776266794388393472,73.38,-55.8603,11.54,14.24,31.91,0.228,04533119-5551372,0,0,1,0,1,1,1,1,1,
252110114,3016,11.66,11.11560281,31.536,0.036,0.044,0.108,7.08,9.54,36.34,42.9825,-8.657,411311395692644224,15.4979,54.1827,3.24,3.96,9.72,0.01,01015952+5410577,0,0,0,0,0,0,0,0,0,
231917352,3353,9.69,11.18336477,60.831,0.085,0.105,0.24,16.45,22.35,77.81,-66.7968,-25.2871,5571142580908768384,92.7204,-43.4049,7.6,9.39,21.46,0.082,06105288-4324178,0,0,1,0,0,0,0,0,1,
349374765,3229,10.06,11.20766905,339.552,0.065,0.079,0.186,12.43,16.83,60.47,-80.2731,-20.4895,5292028393100840320,110.2168,-62.1699,5.8,7.05,16.6,0.04,07205204-6210118,1,0,1,1,1,1,1,0,1,
400019820,2967,11.02,11.21027534,27.702,0.047,0.057,0.141,8.75,11.79,45.58,34.7569,53.6004,1208695640675619584,230.9631,17.4659,4.19,5.08,12.58,0.02,15235112+1727569,0,0,1,0,0,0,0,0,0,
255932726,3008,11.46,11.25002851,49.383,0.045,0.055,0.134,8.6,11.59,44.27,61.5053,43.2112,1332966881549315456,247.8283,40.8644,4.0,4.89,11.91,0.019,16311879+4051516,0,0,0,0,0,0,0,0,0,
76349243,2875,11.2,11.35379254,50.409,0.038,0.047,0.117,7.06,9.5,37.78,62.0975,22.7229,2109049433075667584,274.5142,38.7762,3.35,4.14,10.3,0.012,18180345+3846359,0,0,0,0,0,0,0,0,0,
157757138,3030,11.21,11.48082108,23.787,0.043,0.053,0.128,8.37,11.28,42.8,-16.5616,43.624,3560746351897773952,172.7849,-14.9559,3.75,4.62,11.15,0.018,11310835-1457201,0,0,0,0,0,0,0,0,0,
471012447,3030,11.21,11.48082108,23.787,0.043,0.053,0.128,8.37,11.28,42.8,-16.5614,43.6243,3560746351897773952,172.7848,-14.9556,3.75,4.62,11.15,0.018,11310835-1457201,0,0,0,0,0,0,0,0,0,
77957301,3273,9.02,11.59912739,44.334,0.072,0.088,0.204,13.77,18.67,66.33,-58.1913,-33.606,4822636399484228224,79.3455,-35.3652,6.21,7.59,17.59,0.055,05172292-3521545,0,0,1,0,0,0,1,0,1,
276834958,3133,9.57,11.64649535,41.526,0.051,0.062,0.149,9.84,13.29,49.02,-55.5597,-24.7046,6364795328246346112,272.8136,-78.9897,4.38,5.32,12.79,0.024,18111528-7859227,0,0,1,0,0,0,0,0,0,
238950307,3315,10.71,11.65769734,82.107,0.079,0.097,0.223,15.18,20.6,72.4,-72.3236,-24.9305,5550620058937466880,95.2777,-49.0939,6.78,8.32,19.13,0.065,06210665-4905379,0,0,1,0,1,1,0,1,1,
381949148,4049,7.36,11.69396221,340.848,0.234,0.292,0.608,52.61,73.44,220.2,-79.03,-36.6696,4763897739549071744,76.4474,-57.5538,20.01,24.97,51.99,0.951,05054736-5733138,0,0,1,0,0,0,0,1,0,
220526731,3436,9.12,11.74077848,73.467,0.108,0.132,0.3,20.4,27.79,94.85,-70.5372,-48.56,4721111481504251264,43.0924,-63.6798,9.2,11.24,25.55,0.142,02522213-6340475,0,0,1,0,0,1,1,0,0,
245914064,2970,11.98,11.91501958,22.869,0.033,0.04,0.098,6.22,8.38,32.37,-5.8338,-19.7162,3310083401849536384,69.8818,16.2619,2.77,3.36,8.22,0.01,04393163+1615447,0,0,0,0,0,0,1,1,1,
348922687,3411,10.9,11.91726774,29.997,0.047,0.058,0.133,10.45,14.22,48.81,41.4303,8.7215,4518262684390915200,282.477,18.6747,3.94,4.87,11.16,0.014,18495449+1840295,0,0,1,0,0,0,0,0,0,
273589987,3243,10.39,11.97456674,57.024,0.069,0.084,0.197,13.33,18.06,64.67,65.1815,9.95,2080285727861817088,297.7889,46.4834,5.76,7.01,16.45,0.049,19510930+4628598,0,0,1,0,0,0,0,0,0,
11974826,3153,10.96,12.01082364,31.563,0.054,0.066,0.156,10.32,13.95,51.16,-43.0492,15.5492,5439029627401396096,146.4934,-32.8916,4.5,5.5,12.99,0.025,09455843-3253299,0,0,1,0,0,0,0,0,0,
84649454,3239,10.73,12.08166928,31.374,0.056,0.068,0.16,11.36,15.38,55.13,42.7124,9.7437,476809509515283712,63.0709,64.7321,4.64,5.63,13.24,0.03,04121693+6443560,0,0,1,1,1,1,1,0,1,
428681517,2876,11.86,12.08718043,39.987,0.038,0.046,0.115,6.97,9.38,37.28,53.0016,13.5204,547381594623756416,47.7429,73.7721,3.14,3.81,9.51,0.012,03105861+7346189,0,0,0,1,1,0,0,1,1,
3127674,3245,11.65,12.13431906,40.527,0.067,0.082,0.192,12.92,17.49,62.61,-53.6833,4.9348,5427791278545931264,138.5728,-41.5773,5.52,6.76,15.82,0.047,09141746-4134383,0,0,0,0,0,0,0,0,0,
137025855,3111,11.38,12.18583666,35.505,0.048,0.059,0.141,9.54,12.88,47.78,49.4504,69.0492,1554433777791815808,197.5526,47.7552,3.94,4.84,11.57,0.018,13101268+4745190,0,0,0,0,0,0,0,0,0,
75627178,2863,11.74,12.20873105,48.438,0.029,0.035,0.089,5.31,7.14,28.49,60.9541,25.2438,4609689240889873280,270.6928,37.5175,2.38,2.87,7.29,0.005,18024624+3731048,0,0,0,0,0,0,0,0,0,
357466066,3291,9.31,12.22952896,56.133,0.075,0.092,0.213,14.39,19.52,69.02,-64.7961,-19.6255,5783027130236367744,185.1407,-82.4327,6.13,7.52,17.42,0.057,12203376-8225577,0,0,1,0,0,0,0,0,0,
55003990,2877,11.68,12.28097855,23.733,0.039,0.047,0.118,7.11,9.57,38.01,-16.036,42.1625,3762231926405726720,160.7622,-9.2114,3.18,3.83,9.61,0.017,10430293-0912410,0,0,0,1,0,0,1,0,1,
206402318,3193,11.42,12.281282,63.774,0.059,0.073,0.171,11.4,15.42,55.96,-67.8138,-49.8965,4733113441195646592,54.733,-52.5696,4.8,5.94,13.92,0.032,03385590-5234107,0,0,0,0,0,1,1,0,0,
273864083,3454,9.62,12.30468634,63.45,0.112,0.138,0.312,21.27,28.99,98.52,-67.712,-48.8524,4698037645878876800,31.8468,-66.5699,9.1,11.22,25.36,0.161,02072345-6634113,0,0,1,1,1,1,1,0,0,
238176832,3297,10.24,12.342302,46.467,0.076,0.093,0.215,14.54,19.72,69.64,-59.7095,-45.4224,6386280060329151616,358.355,-70.9447,6.16,7.54,17.42,0.064,23532520-7056410,0,0,1,1,0,0,0,0,0,
234526939,3209,11.07,12.46534793,49.545,0.061,0.075,0.177,11.77,15.92,57.53,-61.6186,-51.7016,4705628051386514304,16.0289,-65.3742,4.89,6.02,14.2,0.039,01040695-6522272,0,0,0,0,1,0,0,0,0,
369327947,3194,10.27,12.48138934,46.116,0.07,0.085,0.202,13.15,17.79,64.52,-59.4719,-27.835,6347643496607835520,290.2261,-82.5545,5.61,6.81,16.18,0.051,19205439-8233170,0,0,1,0,0,0,0,0,0,
157853745,3286,10.82,12.48652227,51.138,0.054,0.066,0.154,11.21,15.2,53.82,62.5112,18.6993,2098413719661573248,280.4059,39.7034,4.32,5.29,12.33,0.023,18413741+3942123,0,0,1,0,0,0,0,0,0,
155970640,3465,9.78,12.51237817,47.223,0.086,0.106,0.238,17.28,23.56,79.86,60.2165,52.417,1391241478857408768,235.0151,43.4943,6.87,8.47,19.02,0.076,15400352+4329396,0,0,1,0,0,0,0,0,0,
15615674,2809,11.61,12.52081725,24.381,0.037,0.045,0.113,6.59,8.86,35.98,19.8121,-34.2751,308256610357824640,16.4068,28.4927,2.96,3.59,9.02,0.012,01053732+2829339,0,0,0,0,0,0,0,0,0,
365369408,2914,11.89,12.57284825,22.977,0.034,0.041,0.103,6.39,8.6,33.78,-7.351,-40.0788,14912165107085184,47.2507,10.0238,2.7,3.26,8.19,0.011,03090015+1001257,0,0,0,1,1,1,0,0,0,
119578910,2847,11.79,12.66485682,34.263,0.041,0.049,0.125,7.34,9.87,39.59,47.6384,-12.4346,1958030617647715328,332.8507,40.9997,3.24,3.87,9.87,0.013,22112417+4059587,0,0,0,0,0,0,0,0,0,
401834404,3180,11.49,12.72107011,57.564,0.057,0.07,0.166,11.0,14.87,54.14,-65.4201,-31.8788,6343965492773694464,352.6591,-84.9219,4.48,5.5,13.05,0.031,23303802-8455189,0,0,0,0,0,0,0,0,0,
259901346,3036,11.64,12.73809558,81.999,0.04,0.049,0.119,7.76,10.47,39.66,-72.3178,-43.7522,4646616923022587136,41.5094,-70.4017,3.14,3.85,9.34,0.011,02460224-7024062,1,0,0,1,1,1,0,0,0,
432484802,3164,11.29,12.8178495,26.514,0.045,0.055,0.13,9.11,12.31,45.02,29.7092,-29.7821,2868199402451064064,355.7197,30.8227,3.51,4.29,10.14,0.016,23425274+3049219,0,0,1,0,0,0,0,0,0,
359185852,3194,11.05,12.84655691,27.189,0.049,0.059,0.14,9.9,13.39,48.57,33.2726,85.5877,1461125613285603840,197.3957,28.9851,3.81,4.59,10.9,0.022,13093495+2859065,0,0,1,0,0,0,0,0,0,
449046160,3190,11.94,12.85531694,37.314,0.059,0.072,0.17,11.25,15.22,55.27,-51.871,-8.8635,5846275093531511936,215.5811,-70.3936,4.59,5.6,13.22,0.032,14221943-7023371,0,0,0,0,0,0,0,0,0,
288314668,3217,11.19,12.86374668,119.259,0.054,0.066,0.155,10.9,14.76,53.2,74.3802,29.5785,1710948192852697600,262.8215,82.0889,4.2,5.13,12.05,0.024,17311725+8205198,1,0,1,0,0,0,0,0,0,
331681541,3068,11.18,12.86538937,41.337,0.047,0.057,0.139,9.13,12.32,46.24,-55.0392,-31.8478,6363251682639715968,307.0155,-76.6711,3.65,4.43,10.8,0.018,20280382-7640164,0,0,1,0,0,0,0,0,0,
33937232,3029,11.13,12.88987824,29.349,0.039,0.048,0.117,7.57,10.21,38.74,-39.8144,-15.2744,2944727125434832768,93.7999,-16.4377,3.03,3.72,9.08,0.011,06151198-1626152,0,0,1,0,0,0,0,0,1,
342888849,3153,10.29,12.90046236,76.896,0.054,0.066,0.156,10.32,13.95,51.16,-71.2918,-11.4485,5315595737654226304,125.6977,-57.4481,4.19,5.12,12.09,0.025,08224744-5726530,0,0,1,0,0,0,0,0,0,
342888854,3253,11.94,12.90682159,76.815,0.068,0.084,0.195,13.1,17.75,63.38,-71.2896,-11.4465,5315595737654226560,125.6995,-57.4459,5.27,6.51,15.11,0.047,08224787-5726451,0,0,0,0,0,0,0,0,0,
155113423,3192,10.96,12.90828021,32.508,0.054,0.065,0.155,10.72,14.5,52.61,44.7621,-14.9814,1934862945577481344,345.7187,43.6377,4.18,5.04,12.01,0.024,23025250+4338157,0,0,1,0,0,0,0,0,0,
103803629,3149,9.63,12.92472583,40.716,0.082,0.101,0.239,14.62,19.76,72.54,53.9735,43.3125,1073206263054159104,158.8624,69.4497,6.34,7.81,18.49,0.084,10352725+6926594,0,0,1,0,0,0,0,0,0,
289972535,3301,10.28,13.09220139,47.871,0.07,0.086,0.199,13.87,18.81,66.37,60.6082,28.7773,1148885991992198016,118.9748,83.3847,5.35,6.57,15.2,0.047,07555396+8323049,0,0,1,1,0,0,0,1,1,
289706625,3010,10.37,13.12278386,25.137,0.038,0.046,0.112,7.3,9.83,37.54,-24.3447,29.9647,5690846274384548864,146.2258,-12.3484,2.9,3.51,8.53,0.011,09445422-1220544,0,0,1,0,0,0,0,0,0,
371493573,3165,11.01,13.1556795,28.431,0.05,0.062,0.146,10.09,13.64,49.86,36.9107,51.1822,848178083009862656,152.3749,51.2888,3.8,4.71,11.1,0.024,10092996+5117197,0,0,1,0,0,0,0,0,0,
278779899,3778,8.08,13.17180326,341.658,0.185,0.23,0.495,37.94,52.34,165.53,-78.0808,-23.7143,5497072086021346688,99.9068,-55.6097,14.05,17.46,37.58,0.559,06393764-5536349,1,0,1,1,1,1,1,1,1,
219463771,3302,10.21,13.24518628,69.471,0.071,0.087,0.202,14.05,19.06,67.24,69.5086,38.9923,1714831771000745344,208.4117,77.619,5.36,6.57,15.25,0.055,13533877+7737083,0,0,1,0,0,0,0,0,0,
170636897,3166,10.99,13.39913569,37.071,0.055,0.068,0.161,10.64,14.39,52.58,-51.5779,-43.254,4884761177275202176,66.636,-30.8005,4.1,5.07,12.02,0.031,04263264-3048013,0,0,1,1,1,1,1,1,1,
229152539,3179,10.84,13.41366114,40.689,0.057,0.07,0.166,11.01,14.89,54.24,-53.9441,-65.8629,4941774600386872960,28.2149,-48.0948,4.25,5.22,12.38,0.031,01525159-4805413,0,0,1,0,1,0,0,0,0,
59705241,3344,10.42,13.43053988,41.526,0.076,0.093,0.214,14.95,20.31,70.88,55.5731,5.1271,2047690533883897856,297.1701,35.9215,5.66,6.92,15.93,0.062,19484080+3555178,0,0,1,0,0,0,0,0,0,
241159653,2939,11.82,13.48252657,23.193,0.038,0.047,0.116,7.24,9.74,37.97,9.958,-41.2217,2679694971455927296,329.2302,-1.9026,2.82,3.49,8.6,0.012,21565513-0154100,0,0,0,0,0,0,0,0,0,
471012295,2939,11.82,13.48252657,23.193,0.038,0.047,0.116,7.24,9.74,37.97,9.958,-41.2214,2679694971455927296,329.2297,-1.9028,2.82,3.49,8.6,0.012,21565513-0154100,0,0,0,0,0,0,0,0,0,
261075502,3041,11.66,13.50296367,24.624,0.042,0.052,0.125,8.26,11.14,42.15,21.2947,1.8751,205533465225342208,76.2747,44.2344,3.11,3.85,9.26,0.017,05050591+4414037,0,0,0,1,1,0,1,1,0,
397098265,3024,11.81,13.52430008,42.444,0.037,0.045,0.109,7.17,9.66,36.74,56.7446,19.8053,555032443207370880,61.6552,79.2671,2.74,3.33,8.06,0.01,04063732+7916012,0,0,0,0,0,1,0,1,0,
289325518,3450,9.55,13.57257603,53.784,0.1,0.123,0.277,19.3,26.3,89.46,63.7436,20.7636,2110336583235233536,277.9933,40.6864,7.37,9.06,20.41,0.117,18315840+4041104,0,0,1,0,0,0,0,0,0,
201881092,3379,9.81,13.94012002,59.508,0.099,0.122,0.279,18.7,25.42,87.96,-66.2847,-53.3788,4726357491998516480,39.4699,-58.7531,7.1,8.75,20.01,0.122,02375278-5845110,0,0,1,0,1,1,0,0,0,
284701226,3298,11.19,13.98215393,32.238,0.056,0.069,0.16,11.67,15.83,55.9,44.3031,62.7612,1282073374517759872,223.7978,30.1126,4.01,4.93,11.44,0.029,14551146+3006454,0,0,1,0,0,0,0,0,0,
193867007,3416,9.34,13.9851693,71.442,0.115,0.142,0.323,21.52,29.29,100.44,70.0259,28.2265,1350714133093019904,269.4623,46.5886,8.22,10.15,23.1,0.179,17575096+4635182,0,0,1,0,0,0,0,0,0,
120526877,3177,10.57,14.02425385,33.318,0.055,0.068,0.161,10.99,14.86,54.13,46.2171,-13.9714,1909518584080107904,337.4541,41.4801,3.92,4.85,11.48,0.031,22294885+4128479,0,0,1,0,0,0,0,0,0,
406517901,2976,11.67,14.24177989,80.001,0.034,0.041,0.102,6.53,8.8,33.92,71.9213,26.3554,2302668860880387072,289.1035,84.2281,2.39,2.88,7.16,0.01,19162483+8413411,1,0,0,0,0,0,0,0,0,
219780306,3717,8.15,14.31550612,330.858,0.186,0.23,0.499,37.62,51.76,165.83,84.4462,32.5901,1439069444391326208,263.8937,61.6816,12.99,16.07,34.86,0.59,17353445+6140540,0,0,1,0,0,0,0,0,0,
7723060,3211,11.23,14.31769043,47.439,0.062,0.076,0.178,11.83,16.02,57.83,-60.3429,-44.414,4865016349710062208,66.2341,-40.0466,4.33,5.31,12.43,0.039,04245619-4002469,0,0,0,0,0,0,0,1,1,
394816687,3251,10.62,14.32180116,63.153,0.068,0.083,0.195,13.1,17.75,63.43,-67.6075,-17.9814,5199087706000356096,161.9112,-79.4627,4.75,5.8,13.62,0.047,10473868-7927458,0,0,1,0,0,0,0,0,0,
24089801,3202,11.45,14.39714556,44.307,0.045,0.055,0.131,9.34,12.64,45.75,58.1779,48.2917,1379500928055726848,241.2119,39.16,3.13,3.82,9.1,0.016,16045093+3909359,0,0,0,0,0,0,0,0,0,
207339173,3065,11.55,14.42289453,39.663,0.043,0.052,0.127,8.46,11.41,42.86,52.6326,35.0752,1123681096674583552,134.9842,72.9601,2.98,3.61,8.81,0.017,08595604+7257364,0,0,0,0,0,0,0,0,0,
230120143,2867,11.8,14.42895976,336.663,0.038,0.046,0.115,6.94,9.34,37.21,82.2102,37.2402,1648484868558988544,250.0861,67.6014,2.63,3.19,7.97,0.012,16402068+6736046,1,0,0,0,0,0,0,0,0,
328591096,3258,10.82,14.44471894,44.01,0.069,0.085,0.198,13.3,18.03,64.29,-57.9692,-8.7801,5842905399625203328,190.5819,-71.639,4.78,5.88,13.71,0.048,12421964-7138202,0,0,1,0,0,0,0,0,0,
148563078,3050,11.32,14.45442273,23.733,0.041,0.051,0.122,7.97,10.75,40.58,-15.9732,43.2327,3758629475341196672,164.6166,-10.7751,2.84,3.53,8.44,0.016,10582800-1046304,0,0,0,0,0,0,0,0,0,
303301402,3274,11.95,14.46672723,37.449,0.072,0.088,0.204,13.78,18.69,66.38,-52.0359,7.7845,5363990535794423680,159.5633,-49.5624,4.98,6.08,14.1,0.055,10381517-4933446,0,0,0,0,0,0,0,0,0,
461635002,3027,11.71,14.47251234,54.378,0.036,0.043,0.106,6.97,9.4,35.7,64.0132,21.3302,573273684709125504,19.9673,84.1591,2.49,2.97,7.32,0.01,01195227+8409327,0,0,0,0,0,0,0,0,0,
156491690,3259,11.4,14.51820996,78.759,0.052,0.063,0.148,10.74,14.55,51.88,71.6798,40.1015,1701602958196086528,217.806,75.4451,3.58,4.34,10.19,0.023,14311348+7526423,0,0,0,0,0,0,0,0,0,
16834517,3080,10.99,14.54990937,41.229,0.06,0.073,0.176,11.13,15.01,56.18,54.8356,-0.5632,2064100569188230144,307.8568,38.5623,4.12,5.02,12.1,0.036,20312561+3833432,0,0,1,0,0,0,0,0,0,
144654557,3344,10.94,14.55868596,50.166,0.084,0.103,0.237,16.22,22.03,76.87,-61.9835,-3.2948,5329084752471816192,131.162,-48.0891,5.77,7.07,16.28,0.082,08443891-4805218,0,0,1,0,0,0,0,0,0,
447382925,3132,11.46,14.58071579,31.212,0.051,0.062,0.148,9.76,13.19,48.64,-42.3463,-12.8172,5815970800722940800,251.9798,-65.1532,3.5,4.25,10.15,0.024,16475517-6509116,0,0,0,0,0,0,0,0,0,
61085196,3035,11.91,14.58859332,22.95,0.04,0.049,0.119,7.87,10.61,40.2,6.9948,-34.0743,89593331327905536,39.1839,22.6739,2.74,3.36,8.16,0.011,02364412+2240265,0,0,0,0,0,1,1,0,0,
160422712,3338,9.81,14.63826561,161.46,0.091,0.111,0.256,17.07,23.18,81.02,75.7836,36.9666,1706907487620624000,235.3191,75.9928,6.22,7.58,17.49,0.128,15411642+7559347,0,0,1,0,0,0,0,0,0,
467929202,3170,11.63,14.64268722,25.839,0.044,0.054,0.129,8.55,11.55,42.18,27.9152,23.6108,4393265392167891712,258.8288,4.9639,3.0,3.69,8.81,0.015,17151894+0457496,0,0,0,0,0,0,0,0,0,
312885008,3308,10.27,14.65186037,37.287,0.067,0.082,0.19,13.45,18.24,64.25,51.8331,33.0824,1123140411831352064,127.8754,73.0627,4.57,5.6,12.97,0.046,08313011+7303459,0,0,1,0,0,0,0,0,0,
266194572,3142,11.63,14.80218194,23.625,0.043,0.053,0.126,8.72,11.79,43.35,-15.1274,15.9574,3143635723866162432,117.9641,5.5492,2.9,3.58,8.51,0.016,07515138+0532572,0,0,0,0,0,0,0,1,1,
369707376,3486,9.88,14.82048445,59.724,0.092,0.113,0.255,18.43,25.15,84.82,-66.3854,-51.6188,4701057557644479232,32.8252,-63.2281,6.21,7.62,17.21,0.093,02111797-6313413,0,0,1,1,0,0,0,0,0,
199574208,3017,10.36,14.84364162,183.492,0.077,0.094,0.229,13.07,17.62,67.11,76.3329,40.9126,1431176943768690816,248.5847,57.1624,5.19,6.33,15.43,0.08,16342040+5709439,1,0,1,0,0,0,0,0,0,
410153553,3043,11.88,14.88455454,40.824,0.041,0.05,0.121,7.87,10.61,40.12,-54.1226,-43.9075,6385548541499112448,340.4921,-69.169,2.75,3.36,8.13,0.011,22415815-6910089,0,0,0,0,0,0,0,0,0,
286582903,3236,11.14,14.9210518,29.727,0.051,0.063,0.147,10.52,14.24,51.09,40.773,17.4775,4502369583096912896,271.7023,17.3464,3.42,4.22,9.85,0.023,18064856+1720472,0,0,1,0,0,0,0,0,0,
459181676,3114,11.67,14.95904811,42.93,0.043,0.052,0.125,8.61,11.63,43.09,57.1323,30.4055,1138963758544545280,123.4355,79.3032,2.87,3.48,8.36,0.016,08134450+7918114,0,0,0,0,0,0,0,0,0,
450341297,2971,11.98,14.97411204,25.542,0.044,0.054,0.133,8.37,11.27,43.5,26.4676,78.001,3746973763029907328,202.6294,19.1595,2.94,3.61,8.88,0.019,13303106+1909340,0,0,0,0,0,0,0,0,0,
367359428,3191,10.72,15.01579831,59.697,0.061,0.074,0.175,11.82,15.98,58.02,66.3758,13.9712,2232966828771055744,343.1652,75.0719,4.06,4.93,11.65,0.04,22523963+7504190,0,0,1,0,0,0,0,0,0,
26968755,3521,9.89,15.20290997,82.377,0.095,0.117,0.261,19.09,26.08,87.25,72.3723,15.3662,2136665454312416128,293.7293,53.2566,6.25,7.7,17.17,0.1,19345497+5315228,0,0,1,0,0,0,0,0,0,
260708537,3445,9.34,15.21417413,338.445,0.124,0.152,0.344,23.13,31.51,107.31,-81.0893,-25.1232,5482827676662168832,98.4582,-58.5285,8.15,9.99,22.61,0.213,06334998-5831426,1,0,1,0,0,0,0,0,0,
289589923,3154,11.24,15.22164499,336.852,0.047,0.058,0.137,9.5,12.84,47.06,82.0841,37.2962,1631591147276525696,253.2062,63.0775,3.09,3.81,9.0,0.017,16524947+6304389,1,0,1,0,0,0,0,0,0,
386240361,3351,10.88,15.22879321,56.376,0.085,0.105,0.241,16.5,22.41,78.08,-64.8998,-4.7136,5309974484478157696,139.2127,-55.9297,5.58,6.89,15.83,0.082,09165105-5555468,0,0,1,0,0,0,0,0,0,
224289450,3216,10.94,15.23739967,35.451,0.067,0.082,0.192,12.83,17.36,62.6,49.4017,61.7182,1573086507223498496,183.089,54.4896,4.4,5.38,12.6,0.048,12122112+5429231,0,0,1,0,0,0,0,0,0,
112603237,3112,10.65,15.35721952,36.882,0.049,0.059,0.142,9.34,12.61,46.77,-51.3038,-6.0202,5605469299570245504,112.2132,-30.2647,3.19,3.84,9.25,0.023,07285117-3015527,0,0,1,0,0,0,0,0,1,
264992033,3291,10.22,15.38361449,51.246,0.071,0.087,0.202,13.94,18.9,66.85,62.5586,7.6847,2213428064767263360,346.8747,68.6681,4.62,5.66,13.13,0.055,23073004+6840051,0,0,1,0,0,0,0,0,0,
142963210,3267,10.29,15.44996752,46.386,0.088,0.108,0.251,16.21,21.97,78.16,59.6478,47.062,1683609076745527680,181.3737,69.5396,5.7,6.99,16.25,0.097,12052974+6932227,0,0,1,0,0,0,0,0,0,
468216076,3203,10.5,15.53792627,54.297,0.061,0.074,0.175,11.64,15.75,56.98,-63.9753,-30.0477,6342940473056949120,326.6781,-85.7179,3.93,4.76,11.26,0.038,21464282-8543046,0,0,1,0,0,0,0,0,0,
123013596,3344,10.45,15.54892727,66.555,0.071,0.087,0.199,14.2,19.29,67.31,68.6724,21.7126,2118429538570209920,278.8637,45.7614,4.57,5.6,12.8,0.046,18352722+4545403,0,0,1,0,0,0,0,0,0,
441803471,3195,11.3,15.570387,338.85,0.05,0.061,0.145,10.18,13.77,49.93,80.837,30.4644,1656076893269778432,265.6732,75.6219,3.21,3.92,9.31,0.023,17424147+7537187,1,0,0,0,0,0,0,0,0,
287488930,3468,9.55,15.60013228,170.289,0.109,0.134,0.302,21.3,29.05,98.38,-76.0038,-21.576,5210616497733074304,123.4275,-76.1301,6.99,8.59,19.36,0.151,08134261-7607485,0,0,1,0,0,0,0,0,0,
467465371,3123,11.81,15.66835725,41.418,0.045,0.055,0.132,9.02,12.18,45.03,55.2577,-4.6082,2001345397199713152,336.233,52.0052,2.87,3.51,8.42,0.017,22245593+5200190,0,0,0,0,0,0,0,0,0,
441721594,3323,10.96,15.76321012,338.661,0.063,0.077,0.178,12.83,17.42,61.11,80.9867,33.3913,1655482224982135040,255.4411,74.1976,4.0,4.88,11.29,0.037,17014590+7411513,1,0,1,0,0,0,0,0,0,
345874162,3227,10.98,15.86615223,32.319,0.057,0.07,0.164,11.45,15.51,55.75,44.4581,28.8199,4567274927016803328,260.4776,21.4298,3.59,4.41,10.34,0.031,17215464+2125468,0,0,1,0,0,0,0,0,0,
391948920,3454,9.54,15.90521345,302.616,0.118,0.145,0.327,22.19,30.24,102.74,-77.8788,-31.2548,4623882630333283328,79.2486,-78.2889,7.42,9.12,20.56,0.185,05165967-7817203,1,0,1,1,1,1,1,1,1,
103179032,3116,11.01,15.91519932,37.53,0.053,0.065,0.156,10.31,13.92,51.58,52.0948,16.4133,549890302202250112,62.0465,74.3837,3.33,4.08,9.8,0.026,04081101+7423018,0,0,1,0,0,0,0,1,0,
239481097,3291,11.18,15.97015127,35.073,0.048,0.059,0.137,10.22,13.86,49.0,48.8507,-0.6555,2029432043779954432,300.8607,29.8665,3.01,3.69,8.58,0.021,20032651+2952000,0,0,1,0,0,0,0,0,0,
144067450,3120,11.31,15.9866489,29.619,0.05,0.06,0.145,9.54,12.88,47.66,-40.5433,-52.8565,6509993810151618304,337.5394,-53.7487,3.13,3.75,9.07,0.028,22300946-5344551,0,0,0,0,0,0,0,0,0,
352702345,3270,9.91,16.00048443,85.212,0.102,0.125,0.29,18.28,24.77,88.08,72.8869,12.7072,2195298973450457984,308.418,61.7538,6.37,7.81,18.12,0.144,20334030+6145135,0,0,1,0,0,0,0,0,0,
322391844,3311,10.36,16.00903275,65.448,0.074,0.091,0.21,14.51,19.68,69.27,68.3423,10.1628,2222540228723911168,326.6676,66.803,4.62,5.68,13.12,0.056,21464021+6648105,0,0,1,0,0,0,0,0,0,
201421509,3248,10.62,16.02625777,41.58,0.068,0.083,0.193,12.94,17.54,62.71,-55.6965,-22.6062,2889899840676982912,92.0685,-32.2795,4.24,5.18,12.04,0.047,06081642-3216462,0,0,1,1,0,0,1,1,0,
400361232,2962,11.14,16.02675251,29.484,0.052,0.064,0.157,9.5,12.8,49.54,40.1743,24.5422,4549983418742839808,263.4715,16.9203,3.24,3.99,9.8,0.029,17335314+1655129,0,0,0,0,0,0,0,0,0,
103581155,3234,11.35,16.06117061,39.501,0.052,0.063,0.148,10.56,14.3,51.32,52.4761,40.9533,1070519572033023232,150.5241,69.7581,3.24,3.92,9.21,0.023,10020580+6945294,0,0,0,0,0,0,0,0,0,
238633709,3447,9.44,16.1756815,68.148,0.125,0.154,0.348,23.37,31.84,108.39,-69.1462,-10.5984,5320435203722048768,122.4919,-52.9682,7.73,9.52,21.51,0.224,08095807-5258054,0,0,1,0,0,0,0,0,0,
401532771,3109,11.97,16.30752074,46.062,0.04,0.049,0.117,8.01,10.82,40.16,59.449,22.0756,569821974111727744,63.508,82.2601,2.45,3.0,7.17,0.01,04140201+8215360,0,0,0,0,0,0,0,1,1,
267533071,3296,10.17,16.31339034,76.113,0.092,0.113,0.262,17.03,23.11,81.62,-71.1283,-14.6206,5492622847798742272,114.0501,-51.9226,5.64,6.93,16.06,0.107,07361202-5155213,0,0,1,0,0,0,0,0,0,
408438072,3042,11.86,16.32613546,25.947,0.041,0.05,0.121,7.86,10.6,40.09,-28.487,31.2828,5471516004114550784,161.4659,-23.1501,2.51,3.06,7.41,0.011,10455184-2309001,0,0,0,0,0,0,0,0,0,
355740719,2888,11.93,16.33109086,28.593,0.051,0.062,0.155,8.96,12.05,47.71,37.3437,55.8714,1214076070761755008,229.6311,20.6078,3.12,3.8,9.49,0.03,15183145+2036279,0,0,0,0,0,0,0,0,0,
341607068,3173,10.91,16.33723007,29.403,0.056,0.069,0.163,10.82,14.63,53.36,-40.0056,-6.1919,5832599952051348992,239.3017,-61.4821,3.43,4.22,9.98,0.031,15571239-6128557,0,0,1,0,0,0,0,0,0,
64319380,3333,11.34,16.3463569,41.121,0.076,0.093,0.214,14.91,20.25,70.87,54.6415,-1.2319,2063967910147595008,309.1918,38.8424,4.65,5.69,13.09,0.063,20364601+3850329,0,0,0,0,0,0,0,0,0,
288634843,3347,10.47,16.39652848,180.657,0.076,0.093,0.215,15.07,20.48,71.41,76.2632,27.3601,2294281163411732736,278.966,80.0943,4.64,5.67,13.11,0.062,18355181+8005394,1,0,1,0,0,0,0,0,0,
235564220,3231,11.04,16.40976804,59.805,0.063,0.077,0.18,12.38,16.76,60.19,66.4022,51.0527,1595170236922937728,233.516,51.3674,3.84,4.69,10.97,0.04,15340386+5122023,0,0,1,0,0,0,0,0,0,
359251064,3253,10.54,16.47818034,38.988,0.074,0.091,0.211,14.11,19.11,68.26,52.2781,-2.0323,429297924157113856,1.9276,60.3818,4.49,5.52,12.8,0.058,00074264+6022543,0,0,1,0,0,0,0,0,0,
366872042,3075,11.9,16.5448848,65.691,0.043,0.053,0.127,8.5,11.46,42.96,68.4256,17.1331,2281046483684995840,336.7863,77.8661,2.6,3.2,7.68,0.017,22270871+7751579,0,0,0,0,0,0,0,0,0,
396697919,3493,9.46,16.55032104,151.605,0.114,0.141,0.316,22.41,30.58,102.96,-75.4985,-42.4264,4775316442680940800,65.5521,-57.4336,6.89,8.52,19.09,0.171,04221249-5726011,0,0,1,0,1,1,1,1,0,
233342788,3604,10.19,16.55073893,74.466,0.098,0.121,0.268,20.29,27.79,91.25,70.7518,11.9774,2185710338703934976,301.2591,54.4342,5.92,7.31,16.19,0.104,20050227+5426037,0,0,1,0,0,0,0,0,0,
297262361,3410,10.62,16.65948668,42.822,0.076,0.094,0.214,15.51,21.1,72.47,57.0422,-0.9334,2066768499405895296,313.2424,43.1734,4.56,5.64,12.85,0.06,20525817+4310240,0,0,1,0,0,0,0,0,0,
290183543,3181,11.76,16.73020624,113.076,0.057,0.07,0.166,11.01,14.89,54.18,-74.1323,-14.2743,5291484512805323264,121.4424,-59.214,3.41,4.18,9.92,0.031,08054616-5912504,1,0,0,0,0,1,0,0,1,
284800109,3307,11.0,16.75088936,62.613,0.066,0.081,0.188,13.31,18.06,63.63,67.4232,42.9511,1409902905599851392,247.867,47.1726,3.94,4.84,11.22,0.045,16312806+4710212,0,0,1,0,0,0,0,0,0,
341787179,3136,11.87,16.76000578,41.283,0.051,0.063,0.15,9.89,13.36,49.2,-54.9444,-8.7784,5840719364353028096,203.5479,-71.3642,3.04,3.76,8.95,0.024,13341148-7121513,0,0,0,0,0,0,0,0,0,
51100039,3103,11.82,16.96705055,25.947,0.045,0.055,0.131,8.89,12.0,44.62,-28.4253,16.6537,5751680775281710720,127.8479,-10.4982,2.65,3.24,7.72,0.017,08312348-1029534,0,0,0,0,0,0,0,0,0,
11654435,3223,11.85,16.97311702,36.126,0.064,0.078,0.183,12.22,16.54,59.54,-50.3415,3.9346,5638902733762157184,128.8822,-34.0103,3.77,4.6,10.78,0.039,08353172-3400369,0,0,0,0,0,0,0,0,0,
137729107,3164,11.88,17.05291019,34.371,0.049,0.06,0.142,9.85,13.31,48.68,47.8543,57.7849,844922257281519744,174.0672,56.4004,2.87,3.52,8.33,0.023,11361611+5624017,0,0,0,0,0,0,0,0,0,
177122224,3120,11.99,17.07288094,26.973,0.05,0.06,0.145,9.54,12.88,47.66,-32.4949,-1.5836,3046640175314154624,106.2998,-10.1313,2.93,3.51,8.49,0.024,07051194-1007528,0,0,0,1,1,1,1,1,1,
301878803,3140,11.82,17.08084584,26.028,0.043,0.053,0.126,8.78,11.86,43.65,28.8076,-26.6277,1773497412196823680,326.0332,17.077,2.52,3.1,7.38,0.016,21440795+1704372,0,0,0,0,0,0,0,0,0,
149423103,3214,11.81,17.08643897,329.643,0.05,0.061,0.143,10.21,13.81,49.83,-84.7605,-32.3338,4757687388639045504,84.4157,-61.9121,2.93,3.57,8.37,0.023,05373975-6154442,1,0,0,0,0,0,1,1,0,
116281940,3169,11.9,17.10480666,43.956,0.048,0.058,0.138,9.63,13.02,47.54,57.9297,60.2458,1590096093840214272,221.5029,46.5568,2.81,3.39,8.07,0.017,14460062+4633251,0,0,0,0,0,0,0,0,0,
277422933,2776,11.68,17.13962661,63.774,0.039,0.047,0.122,6.87,9.23,37.88,67.8004,7.9182,2183807118442110720,310.8303,55.3481,2.28,2.74,7.12,0.052,20431920+5520521,0,0,0,0,0,0,0,0,0,
311931991,3296,11.55,17.1618985,32.94,0.054,0.066,0.153,11.24,15.25,53.87,45.5611,-7.6937,418363560198079616,9.8289,55.1369,3.15,3.85,8.92,0.023,00391896+5508132,0,0,0,0,0,0,0,0,0,
103632048,3165,11.83,17.16916336,39.393,0.051,0.062,0.148,10.21,13.8,50.44,52.3509,41.6752,1070382098718626176,151.9973,69.246,2.97,3.61,8.62,0.024,10075949+6914458,0,0,0,0,0,0,0,0,0,
294093302,3304,10.78,17.26881056,257.715,0.077,0.094,0.218,14.75,20.02,70.56,-77.5232,-20.1403,5486916932205092352,107.4069,-57.0617,4.46,5.44,12.62,0.064,07093765-5703423,1,0,1,0,0,0,0,0,1,
366056706,3028,11.96,17.4362606,31.239,0.043,0.052,0.127,8.27,11.15,42.35,-42.4388,-22.0859,6437366909611503104,276.5823,-65.7947,2.47,2.98,7.28,0.017,18261976-6547410,0,0,0,0,0,0,0,0,0,
20325775,3069,11.92,17.52048712,25.677,0.044,0.053,0.128,8.4,11.33,42.54,-27.0968,33.0804,3536327366875661056,167.472,-24.2498,2.51,3.03,7.31,0.017,11095327-2414594,0,0,0,0,0,0,0,0,0,
142940412,3135,11.92,17.53181376,43.011,0.05,0.062,0.147,10.01,13.53,49.84,57.1703,49.7043,1056860923195191936,179.4576,66.5623,2.85,3.54,8.38,0.024,11574980+6633443,0,0,0,0,0,0,0,0,0,
302444623,3301,11.74,17.53969607,110.025,0.076,0.094,0.217,14.69,19.93,70.31,-73.9964,-16.758,5222018879990530304,133.7697,-71.5967,4.33,5.36,12.37,0.064,08550473-7135480,0,0,0,0,0,0,0,0,0,
206542524,3218,11.24,17.71260386,41.31,0.063,0.077,0.18,12.05,16.31,58.79,-55.0287,-62.3502,4914733005253271040,18.3184,-54.4872,3.56,4.35,10.16,0.039,01131639-5429138,0,0,0,1,1,0,0,0,0,
69692170,3252,11.27,17.78303705,40.446,0.061,0.075,0.176,12.29,16.65,59.48,53.586,5.5689,2045458628362127360,294.6823,33.1933,3.43,4.22,9.9,0.038,19384372+3311352,0,0,0,0,0,0,0,0,0,
12962163,3311,10.42,17.79605903,45.387,0.082,0.1,0.231,15.6,21.17,74.5,58.9706,1.2809,2014653404891943936,343.5896,60.9955,4.61,5.62,12.98,0.074,22542171+6059439,0,0,1,0,0,0,0,0,0,
207339690,3221,11.85,17.79766557,41.175,0.049,0.059,0.14,10.01,13.55,48.79,54.7641,34.1214,1125337098625077504,135.0536,75.3728,2.75,3.32,7.87,0.022,09001285+7522223,0,0,0,0,0,0,0,0,0,
156495054,3549,10.03,17.8144252,80.595,0.11,0.135,0.301,21.61,29.54,98.19,72.0441,39.7675,1701585301586364032,219.2886,75.6159,6.17,7.58,16.9,0.14,14370923+7536572,0,0,1,0,0,0,0,0,0,
156495056,3449,10.57,17.82604276,80.595,0.078,0.095,0.216,15.94,21.73,73.91,72.0477,39.769,1701585301586363904,219.3024,75.6121,4.38,5.33,12.12,0.059,14371253+7536437,0,0,1,0,0,0,0,0,0,
32811633,3102,11.79,17.85681216,36.288,0.047,0.058,0.139,9.11,12.3,45.75,-50.5422,-25.5778,2907884728469088384,86.4597,-27.1638,2.63,3.25,7.78,0.017,05455033-2709498,0,0,0,1,1,1,1,1,1,
367279806,3385,10.18,17.87528421,57.834,0.101,0.125,0.285,19.07,25.93,89.59,65.5428,7.9578,2218904319868065408,333.859,66.2244,5.65,6.99,15.94,0.132,22152616+6613277,0,0,1,0,0,0,0,0,0,
188691615,3116,11.9,17.89508103,80.244,0.044,0.054,0.13,8.87,11.98,44.4,71.9786,34.7028,1366580223320227072,260.1929,49.2557,2.46,3.02,7.26,0.017,17204621+4915221,0,0,0,0,0,0,0,0,0,
356838394,3151,11.89,17.97179045,79.92,0.053,0.065,0.155,10.26,13.87,50.87,-71.9176,-12.4681,5296347755815266816,135.3822,-65.4445,2.95,3.62,8.62,0.024,09013172-6526402,0,0,0,0,0,0,0,0,0,
272230783,3034,11.23,18.03361766,41.175,0.062,0.076,0.185,11.19,15.09,57.22,54.7132,-0.769,2012619720701400192,355.9721,61.0377,3.44,4.21,10.26,0.045,23435331+6102156,0,0,0,0,0,0,0,0,0,
168726017,3187,11.47,18.05110641,36.801,0.058,0.071,0.169,11.2,15.15,55.07,-51.196,-47.0827,4883809068925124224,62.2316,-31.4817,3.21,3.93,9.36,0.032,04085558-3128537,0,0,0,1,1,1,1,1,1,
279606581,3393,9.87,18.07326068,54.702,0.093,0.115,0.262,18.11,24.64,84.95,64.1589,10.5202,2228253123641146880,346.6486,71.7238,5.15,6.36,14.5,0.102,23063586+7143258,0,0,1,0,0,0,0,0,0,
235048515,3665,9.21,18.11045449,190.377,0.157,0.194,0.424,30.91,42.44,137.49,-76.4807,-33.2754,4768702571002262912,82.7383,-53.5145,8.67,10.71,23.41,0.359,05305719-5330521,0,0,1,0,0,0,1,1,1,
38759628,3364,10.42,18.23143148,340.659,0.088,0.108,0.247,16.98,23.07,80.12,-79.2066,-40.2823,4677345043203760896,67.0238,-62.1569,4.83,5.92,13.55,0.091,04280568-6209254,1,0,1,1,1,0,0,1,0,
357372071,3306,10.8,18.25750607,45.576,0.074,0.09,0.209,14.42,19.57,68.93,59.093,60.3286,1603611493015735296,218.0605,49.6517,4.05,4.93,11.45,0.056,14321453+4939058,0,0,1,0,0,0,0,0,0,
344136084,3329,10.46,18.45881069,90.612,0.081,0.1,0.23,15.7,21.31,74.66,-73.1648,-18.0653,5503983654771355776,108.2252,-52.3349,4.39,5.42,12.46,0.073,07125405-5220055,0,0,1,0,0,0,0,0,0,
233738219,3324,10.88,18.51421762,320.058,0.066,0.081,0.187,13.36,18.14,63.61,86.3798,26.4847,2256631484392164736,277.8408,64.9037,3.56,4.38,10.1,0.045,18312179+6454132,1,1,1,0,0,0,0,0,0,
188640773,3287,11.34,18.53026717,133.569,0.084,0.103,0.239,15.77,21.39,75.72,74.9076,35.2647,1416123117756120960,259.4107,52.4062,4.53,5.56,12.9,0.085,17173857+5224227,0,0,0,0,0,0,0,0,0,
279674929,3265,10.73,18.57731795,97.173,0.07,0.086,0.201,13.51,18.3,65.17,-73.4001,-46.1356,4672462936698379520,50.2158,-63.8646,3.77,4.63,10.82,0.048,03205178-6351524,0,0,1,1,0,0,0,0,0,
256517649,3392,10.57,18.61140323,309.663,0.114,0.14,0.32,21.14,28.75,99.17,77.9005,17.7825,2247535151679497472,299.5688,65.0385,6.13,7.52,17.19,0.18,19581651+6502184,1,0,1,0,0,0,0,0,0,
29725804,3092,11.64,18.69415759,30.213,0.046,0.056,0.135,8.86,11.96,44.6,-41.8648,17.5379,5458784415381054464,151.1613,-33.586,2.46,3.0,7.22,0.017,10043870-3335093,0,0,0,0,0,0,0,0,0,
136318084,2851,11.68,18.74558024,35.073,0.045,0.055,0.139,8.03,10.79,43.24,48.8592,-3.2471,1862034696988864896,305.5617,31.2957,2.4,2.93,7.42,0.021,20221476+3117447,0,0,0,0,0,0,0,0,0,
25003158,3246,11.68,18.74999318,24.597,0.043,0.052,0.122,8.92,12.08,43.21,-21.2327,-66.3863,2461728194387221504,30.4328,-10.2914,2.29,2.77,6.51,0.014,02014384-1017295,0,0,0,1,1,1,0,0,0,
112115898,3226,11.67,18.88731587,37.179,0.064,0.078,0.184,12.3,16.65,59.89,-51.6973,-6.5775,5605438925569442432,111.6587,-30.5524,3.39,4.13,9.74,0.04,07263809-3033087,0,0,0,0,0,0,0,0,0,
443628875,3327,11.14,18.89265375,50.814,0.081,0.099,0.229,15.62,21.2,74.31,-62.3331,-2.3328,5307525906414825216,147.1066,-56.7394,4.29,5.24,12.12,0.073,09482557-5644220,0,0,0,0,0,0,0,0,0,
60646109,3069,11.99,18.89503547,24.786,0.044,0.053,0.128,8.4,11.33,42.54,-22.4048,-56.3015,6599565765426015232,334.3301,-34.7342,2.33,2.8,6.77,0.017,22171923-3444031,0,0,0,0,0,0,0,0,0,
219884888,3407,11.27,18.94329353,330.237,0.068,0.083,0.19,14.14,19.25,66.14,84.6051,32.257,1650819612781643392,262.0478,71.1407,3.59,4.38,10.03,0.043,17281148+7108266,1,0,0,0,0,0,0,0,0,
233192934,4499,7.42,19.05341942,331.452,0.372,0.472,0.932,97.46,139.13,385.82,84.2857,31.5063,1651235193817400448,264.05562,71.878519,19.52,24.77,48.92,2.606,17361334+7152426,0,0,1,0,0,0,0,0,0,
285903673,3165,11.57,19.13342759,34.074,0.057,0.069,0.165,11.12,15.03,54.93,47.3665,2.6125,515045129459646080,31.7931,64.2865,2.98,3.61,8.62,0.032,02071032+6417114,0,0,0,1,1,0,0,0,0,
407457207,2983,11.82,19.14231833,50.814,0.052,0.064,0.156,9.55,12.87,49.51,62.3268,14.4055,540136568911394432,5.8826,77.1908,2.72,3.34,8.15,0.028,00233165+7711267,0,0,0,0,0,1,0,0,0,
164644375,3222,11.52,19.16944339,57.213,0.071,0.087,0.204,13.51,18.3,65.87,65.2659,17.4957,2105033123258653056,283.7689,42.9975,3.7,4.54,10.64,0.058,18550451+4259510,0,0,0,0,0,0,0,0,0,
356306225,3365,10.9,19.18312907,74.547,0.088,0.108,0.248,17.04,23.17,80.42,-70.7766,-10.7169,5298261284001871616,134.0276,-61.9623,4.59,5.63,12.93,0.091,08560662-6157443,0,0,1,0,0,0,0,0,1,
328799321,3376,10.89,19.24660763,50.139,0.079,0.097,0.222,15.69,21.33,73.86,61.9568,29.3874,1149245394855341440,128.0419,84.4086,4.1,5.04,11.53,0.063,08321010+8424309,0,0,1,0,0,0,0,0,0,
358168697,3384,10.12,19.26300021,67.095,0.109,0.134,0.306,20.24,27.53,95.13,-68.8416,-8.9977,5298809356198635520,139.1083,-62.0711,5.66,6.96,15.89,0.157,09162598-6204160,0,0,1,0,0,0,0,0,0,
397795649,3362,11.01,19.30194025,44.226,0.08,0.098,0.225,15.71,21.35,74.18,58.1257,8.3679,536325146216950016,8.6569,71.195,4.14,5.08,11.66,0.071,00343773+7111418,0,0,0,0,0,0,0,0,0,
355175842,2780,11.55,19.35367359,24.705,0.048,0.059,0.151,8.16,10.97,44.94,21.7561,44.6472,811947078931179264,139.8289,38.5211,2.48,3.05,7.8,0.024,09191895+3831159,0,0,0,0,0,0,0,0,0,
318606698,3228,11.68,19.35371329,41.04,0.064,0.079,0.185,12.37,16.75,60.2,-54.4952,-40.1984,6383229053001389312,332.555,-71.7684,3.31,4.08,9.56,0.04,22101326-7146064,0,0,0,0,0,0,0,0,0,
164669398,3146,11.34,19.481154,65.88,0.056,0.068,0.162,10.86,14.68,53.93,68.4879,18.4644,2107257297843283584,284.1096,46.3816,2.87,3.49,8.32,0.032,18562628+4622532,0,0,0,0,0,0,0,0,0,
198315176,3327,10.81,19.48814356,84.942,0.084,0.103,0.238,16.05,21.79,76.38,72.8319,46.9048,1603272950424941440,233.857,60.0854,4.31,5.29,12.21,0.082,15352566+6005077,0,0,1,0,0,0,0,0,0,
349484401,3518,9.94,19.59437839,341.037,0.12,0.147,0.33,23.57,32.2,107.78,-78.722,-19.4962,5293288295987250816,110.8365,-60.1037,6.12,7.5,16.84,0.192,07232075-6006132,1,0,1,1,1,1,1,0,1,
456338001,3193,11.78,19.59565341,26.622,0.047,0.058,0.137,9.67,13.08,47.44,30.026,41.087,1015570963037979264,135.217,48.4235,2.4,2.96,6.99,0.017,09005208+4825248,0,0,0,0,0,0,0,0,0,
48189085,3324,10.14,19.62224625,72.441,0.101,0.124,0.286,18.56,25.2,88.39,70.2757,19.9068,2119686379142441472,282.6885,47.972,5.15,6.32,14.58,0.129,18504521+4758195,0,0,1,0,0,0,0,0,0,
38462407,3912,8.65,19.71287013,324.0,0.214,0.266,0.563,46.52,64.53,198.65,-77.9662,-41.8403,4676145235498113280,61.5082,-64.0936,10.86,13.49,28.56,0.801,04060196-6405369,0,0,1,0,1,1,1,1,1,
267320484,3286,10.99,19.72058801,51.651,0.074,0.09,0.21,14.2,19.26,68.2,-62.781,-45.022,4689958778035794048,7.7676,-72.0183,3.75,4.56,10.65,0.056,00310412-7201061,0,0,1,0,0,1,0,0,0,
116439550,3198,11.32,19.79901449,45.144,0.071,0.086,0.203,13.29,17.98,65.14,58.7994,54.3874,1390976698417570688,232.4333,42.8802,3.59,4.34,10.25,0.051,15294392+4252498,0,0,0,0,0,0,0,0,0,
55745883,3453,10.17,19.88740461,337.041,0.127,0.156,0.352,25.01,34.08,115.83,-81.9662,-36.7923,4665366619931917824,74.884517,-61.884493,6.39,7.84,17.7,0.2,04593230-6153042,1,0,1,1,0,1,1,1,1,
166788138,3302,9.8,19.9632442,50.139,0.076,0.094,0.217,14.68,19.91,70.23,-61.9603,-57.7871,4744710746248039040,38.5884,-53.0935,3.81,4.71,10.87,0.064,02342120-5305366,0,0,1,0,0,0,1,0,0,
